{
  "name": "Snap.svg",
  "version": "0.5.1",
  "homepage": "http://snapsvg.io",
  "authors": [
    "Dmitry Baranovskiy <dmitry@baranovskiy.com>"
  ],
  "description": "The JavaScript library for modern SVG graphics",
  "main": "dist/snap.svg-min.js",
  "keywords": [
    "svg",
    "snap",
    "js",
    "javascript"
  ],
  "license": "Apache 2",
  "ignore": [
    "**/.*",
    "node_modules",
    "bower_components",
    "test",
    "demos",
    "src"
  ],
  "_release": "0.5.1",
  "_resolution": {
    "type": "version",
    "tag": "v0.5.1",
    "commit": "18ab4a3350219e6b939b430543dad5096616e037"
  },
  "_source": "https://github.com/adobe-webplatform/Snap.svg.git",
  "_target": "^0.5.1",
  "_originalSource": "snap.svg",
  "_direct": true
}